split,property_id,room_id,district,gender_policy,size_sqm,amenities_count,actual_idr,pred_idr,abs_error_idr,price_band,size_band,facility_band
oof_train,a0000000-0000-4000-8000-000000000009,5dca4323-c099-6f92-b9ee-3d3462ba2bc9,Pauh,male_only,12.0,0,950000.0,1007416.3525640202,57416.3525640202,Q2,11-16,sedang
oof_train,a0000000-0000-4000-8000-000000000009,a8fbe442-94d2-390a-7b78-351ceca7e40e,Pauh,male_only,18.0,0,1000000.0,1003135.3062660291,3135.3062660291325,Q2,17-25,sedang
oof_train,a0000000-0000-4000-8000-000000000009,978d95cd-f90d-97e9-0973-8496a6dea413,Pauh,male_only,18.0,0,900000.0,996694.9629458064,96694.96294580644,Q1,17-25,sedang
oof_train,a0000000-0000-4000-8000-000000000012,4005ae3b-2320-2372-1342-3b9c78ced3a5,Padang Timur,any,12.0,0,1300000.0,1053811.8036287532,246188.19637124683,Q4,11-16,sedang
oof_train,a0000000-0000-4000-8000-000000000003,1604b9e0-427a-7ca4-2c92-4a275f57c9d5,Padang Timur,male_only,18.0,0,850000.0,1128883.7499447563,278883.7499447563,Q1,17-25,sedang
oof_train,a0000000-0000-4000-8000-000000000003,019ff563-e7d8-b9b8-0683-6db2054fef20,Padang Timur,male_only,12.0,0,900000.0,1134009.2808958385,234009.2808958385,Q1,11-16,sedang
oof_train,a0000000-0000-4000-8000-000000000003,297df2f6-74bd-2a85-1ac5-eb4dd1529a91,Padang Timur,male_only,18.0,0,950000.0,1131246.6555933643,181246.65559336427,Q2,17-25,sedang
oof_train,a0000000-0000-4000-8000-000000000004,cbf6c9b6-f5ce-b743-c9a9-5d7da5597b6c,Pauh,any,18.0,0,1050000.0,1057080.1527181282,7080.152718128171,Q2,17-25,sedang
oof_train,a0000000-0000-4000-8000-000000000002,63f9b7e9-1a51-e965-8649-19c1c5dc14c3,Pauh,female_only,12.0,0,1000000.0,1296575.7961259263,296575.7961259263,Q2,11-16,sedang
oof_train,a0000000-0000-4000-8000-000000000012,fda4a8a6-9e1f-76d3-4e98-edcf84165396,Padang Timur,any,18.0,0,1250000.0,1046325.3629312824,203674.63706871762,Q4,17-25,sedang
oof_train,a0000000-0000-4000-8000-000000000008,f62817e3-e099-ffc0-c288-f03c565c8ac4,Pauh,any,12.0,0,1150000.0,1059783.7622608165,90216.23773918347,Q3,11-16,sedang
oof_train,a0000000-0000-4000-8000-000000000008,19f67ed8-ed89-5818-a7a5-fcf50af44c82,Pauh,any,18.0,0,1100000.0,1060518.49540821,39481.50459179003,Q3,17-25,sedang
oof_train,a0000000-0000-4000-8000-000000000008,93c95caa-89c1-3acd-07c1-f575f9546310,Pauh,any,12.0,0,1050000.0,1067240.1317744222,17240.131774422247,Q2,11-16,sedang
oof_train,a0000000-0000-4000-8000-000000000002,4a67a9ba-d0de-ef18-6017-8a52ffaa2f33,Pauh,female_only,12.0,0,1100000.0,1295872.0693186428,195872.06931864284,Q3,11-16,sedang
oof_train,a0000000-0000-4000-8000-000000000004,c89c79dc-6eb7-84fe-e64b-5e509816bf9f,Pauh,any,12.0,0,1100000.0,1067621.6869373645,32378.313062635483,Q3,11-16,banyak
oof_train,a0000000-0000-4000-8000-000000000004,a0104a1c-ac55-b820-462a-ba876de326c0,Pauh,any,18.0,0,1150000.0,1064581.4420921651,85418.55790783488,Q3,17-25,banyak
oof_train,a0000000-0000-4000-8000-000000000004,57165522-9db3-0007-11a5-f61931614e55,Pauh,any,12.0,0,1200000.0,1067209.769012594,132790.2309874061,Q3,11-16,banyak
oof_train,a0000000-0000-4000-8000-000000000005,cdf6bc94-da24-6c44-4b66-5f195b144776,Pauh,any,18.0,0,1850000.0,1053605.8325897744,796394.1674102256,Q4,17-25,banyak
oof_train,a0000000-0000-4000-8000-000000000005,72e18f6b-4f02-e4dd-f4e6-939c818b155d,Pauh,any,12.0,0,1900000.0,1067240.1317744222,832759.8682255778,Q4,11-16,banyak
oof_train,a0000000-0000-4000-8000-000000000005,3cb6323b-2aee-3661-0367-d60219769479,Pauh,any,18.0,0,1950000.0,1060518.49540821,889481.50459179,Q4,17-25,banyak
oof_train,a0000000-0000-4000-8000-000000000006,929d649c-b445-12df-bff3-2c186af7925e,Padang Timur,male_only,18.0,0,800000.0,1122380.9839041708,322380.9839041708,Q1,17-25,banyak
oof_train,a0000000-0000-4000-8000-000000000006,4c065e8d-b106-73e6-bb07-f4ec7f243088,Padang Timur,male_only,12.0,0,850000.0,1127422.4397976026,277422.4397976026,Q1,11-16,banyak
oof_train,a0000000-0000-4000-8000-000000000006,8c60cd61-262f-5ecf-b374-7571d577a696,Padang Timur,male_only,18.0,0,900000.0,1124814.4580775728,224814.45807757275,Q1,17-25,banyak
oof_train,a0000000-0000-4000-8000-000000000006,045b005f-4643-b925-762e-46737ebb6039,Padang Timur,male_only,12.0,0,950000.0,1127329.9885291823,177329.98852918227,Q2,11-16,banyak
oof_train,a0000000-0000-4000-8000-000000000007,3205b842-ab90-f56c-029c-8e4407405293,Pauh,female_only,18.0,0,1150000.0,1020320.530191276,129679.46980872401,Q3,17-25,banyak
oof_train,a0000000-0000-4000-8000-000000000007,9b98508a-cc79-78d0-d754-71ef7670d601,Pauh,female_only,12.0,0,1200000.0,1024632.0883597509,175367.91164024908,Q3,11-16,banyak
oof_train,a0000000-0000-4000-8000-000000000007,d515c3a5-6b65-76c1-0469-5a55c2a38ed0,Pauh,female_only,18.0,0,1250000.0,1017814.3496138601,232185.65038613987,Q4,17-25,banyak
oof_train,a0000000-0000-4000-8000-000000000008,c3065b83-8a13-c89a-1577-820a7e1aee23,Pauh,any,18.0,0,1000000.0,1053605.8325897744,53605.83258977439,Q2,17-25,sangat
oof_train,a0000000-0000-4000-8000-000000000002,ef4af853-9b0c-9d38-4796-f4cce503bfd6,Pauh,female_only,18.0,0,1050000.0,1298443.5581210605,248443.5581210605,Q2,17-25,sangat
oof_train,a0000000-0000-4000-8000-000000000002,8154e8b5-47c3-9b63-3585-f111bf34286a,Pauh,female_only,18.0,0,950000.0,1282178.5140730205,332178.51407302055,Q2,17-25,sangat
holdout,a0000000-0000-4000-8000-000000000001,e04ed65d-d1c9-4fdb-4139-4f810393942e,Pauh,female_only,18.0,0,1250000.0,1266154.5137093319,16154.513709331863,Q4,17-25,sangat
holdout,a0000000-0000-4000-8000-000000000010,b24d0eca-63ec-b867-b63b-a1e14cb0a0fe,Pauh,any,18.0,0,650000.0,1121104.1248275274,471104.12482752744,Q1,17-25,sangat
holdout,a0000000-0000-4000-8000-000000000010,2942ad94-ce71-93ee-27fb-47f0c721ea35,Pauh,any,12.0,0,700000.0,1132724.4993633719,432724.49936337187,Q1,11-16,sangat
holdout,a0000000-0000-4000-8000-000000000010,40ad8495-dd9d-69f8-daf2-fb9e6f81ab83,Pauh,any,18.0,0,750000.0,1128658.1259978213,378658.12599782133,Q1,17-25,sangat
holdout,a0000000-0000-4000-8000-000000000010,0f4f344b-1167-56f2-e500-af5bd24a790c,Pauh,any,12.0,0,800000.0,1131196.7887634852,331196.78876348515,Q1,11-16,sangat
holdout,a0000000-0000-4000-8000-000000000011,f31d063f-8ddb-d1d9-95a9-f18099f1f103,Pauh,female_only,18.0,0,1050000.0,1073244.3021878244,23244.30218782439,Q2,17-25,sangat
holdout,a0000000-0000-4000-8000-000000000011,619baec1-78e2-1ee7-cae8-1752fb80b676,Pauh,female_only,12.0,0,1100000.0,1084923.6873903465,15076.312609653454,Q3,11-16,sangat
holdout,a0000000-0000-4000-8000-000000000001,0afd7985-cead-8db3-330c-3358c05d7ed5,Pauh,female_only,12.0,0,1300000.0,1275137.713813511,24862.286186489044,Q4,11-16,sangat
holdout,a0000000-0000-4000-8000-000000000001,fc64f37c-f0af-53b5-dd84-1d6b5006b439,Pauh,female_only,18.0,0,1350000.0,1277688.4500722745,72311.54992772546,Q4,17-25,sangat
holdout,a0000000-0000-4000-8000-000000000001,84f18ff9-e80d-5482-eb44-ff128e988235,Pauh,female_only,12.0,0,1400000.0,1272647.8736716465,127352.12632835354,Q4,11-16,sangat
