model,feature,importance
tuned_catboost,district,1.899276
tuned_catboost,lat,4.235919
tuned_catboost,lng,53.174209
tuned_catboost,size_sqm,0.415944
tuned_catboost,room_type,2.906148
tuned_catboost,gender_policy,32.997446
tuned_catboost,amenities_count,0.0
tuned_catboost,nearest_campus_km,3.238258
tuned_catboost,deposit,1.1328
tuned_catboost,ac,0.0
tuned_catboost,wifi,0.0
tuned_catboost,kamar-mandi-dalam,0.0
tuned_catboost,parkir-motor,0.0
tuned_xgboost,num__lat,0.02078
tuned_xgboost,num__lng,0.081047
tuned_xgboost,num__size_sqm,0.010059
tuned_xgboost,num__amenities_count,0.0
tuned_xgboost,num__nearest_campus_km,0.091854
tuned_xgboost,num__deposit,0.026791
tuned_xgboost,num__ac,0.0
tuned_xgboost,num__wifi,0.0
tuned_xgboost,num__kamar-mandi-dalam,0.0
tuned_xgboost,num__parkir-motor,0.0
tuned_xgboost,cat__district_Padang Timur,0.0
tuned_xgboost,cat__district_Pauh,0.0
tuned_xgboost,cat__room_type_shared,0.00319
tuned_xgboost,cat__room_type_single,0.040133
tuned_xgboost,cat__room_type_studio,0.008882
tuned_xgboost,cat__gender_policy_any,0.501295
tuned_xgboost,cat__gender_policy_female_only,0.041221
tuned_xgboost,cat__gender_policy_male_only,0.17475
